{"products":[{"id":0.25742470939361395,"qty":11},{"id":0.011889828703743222,"qty":2},{"id":"0.11903783153224734","qty":1}],"totalPrice":26886}